"","p val T","East mean","West mean","p val W"
"Ar",0.000269242506279485,47.1600195344659,58.877369555855,0.00130643350457592
"Hexp",0.0149895435146311,0.587086912677115,0.652599094855048,0.0147722246793454
"pw fst",0.326290217401339,0.0854745829565296,0.0787403675299023,0.111053652230123
"relatedness",0.00628374388637578,0.17581081598668,0.0769145592226752,0.00928792569659443
