"","p val T","East mean","West mean","p val W"
"Ar",0.000468667456171671,28.309708975283,36.4719577396344,0.00243595413874052
"Hexp",0.0116203687896326,0.554695592998716,0.631376306090087,0.0117579015411833
"pw fst",0.363532841338406,0.0992057433088697,0.0919246176196672,0.0954512979280781
"relatedness",0.00343920181656075,0.275974947493077,0.132475936394117,0.0117579015411833
