"","p val T","East mean","West mean","p val W"
"Ar",0.000791205196818485,43.2894730022549,51.5844048075262,0.0011986487959028
"Hexp",0.0147659600399324,0.595345312854794,0.654808293813789,0.0183571140126531
"pw fst",0.849697217650107,0.0779032912113384,0.0766839871385807,0.45852082251665
"relatedness",0.0193244572114392,0.170387894378929,0.0806812369247367,0.0183571140126531
