"","p val","East mean","West mean"
"Ar",0.00173734793193133,43.6344979739689,51.5578544510586
"Hexp",0.0232388500191058,0.599449420210819,0.65151029846166
"pw fst",0.296184983108993,0.0735148748992909,0.0809228798315612
"relatedness",0.0261596557369605,0.167547703165087,0.0866965931533602
