"","p val T","East mean","West mean","p val W"
"Ar",0.00419107171882139,27.0789156692713,32.159592635332,0.00724381285695056
"Hexp",0.0386063101690057,0.578414735572231,0.632682101648668,0.0568071072822722
"pw fst",0.425510772747176,0.0865485425424102,0.0922748140656061,0.724145530065573
"relatedness",0.0176744834984594,0.234032595927442,0.125494842148885,0.0190987058438936
