"","p val T","East mean","West mean","p val W"
"Ar",0.00176746359390574,43.4714972255573,51.5844048075262,0.00196317345327979
"Hexp",0.0271658841937734,0.597711179471609,0.654808293813789,0.0303286698494667
"pw fst",0.528741911124182,0.0798013298133672,0.0756102983358388,0.186209536862384
"relatedness",0.0177273235329239,0.160897338201034,0.0715944659207353,0.014710689767898
